Id,Guid,Name,FullName,SearchFrequency,Url,Description,Assembly 1,Assembly 2,Assembly 3,Assembly 4,Assembly 5,Assembly 6,Assembly 7,Assembly 8,Assembly 9
0,ccf306ae-33bd-3003-9cce-daf5befef611,OutOfMemoryException,System.OutOfMemoryException,0,,,System.Object,System.Exception,System.SystemException,System.OutOfMemoryException
1,9c125a6f-eae2-3fc1-97a1-c0dceab0b5df,StackOverflowException,System.StackOverflowException,0,,,System.Object,System.Exception,System.SystemException,System.StackOverflowException
2,aad4bdd3-81aa-3abc-b53b-d904d25bc01e,DataMisalignedException,System.DataMisalignedException,0,,,System.Object,System.Exception,System.SystemException,System.DataMisalignedException
3,e786fb32-b659-3d96-94c4-e1a9fc037868,ExecutionEngineException,System.ExecutionEngineException,0,,,System.Object,System.Exception,System.SystemException,System.ExecutionEngineException
4,0ff66430-c796-3ee7-902b-166c402ca288,MemberAccessException,System.MemberAccessException,0,,,System.Object,System.Exception,System.SystemException,System.MemberAccessException
5,4c3ebfd5-fc72-33dc-bc37-9953eb25b8d7,AccessViolationException,System.AccessViolationException,0,,,System.Object,System.Exception,System.SystemException,System.AccessViolationException
6,61b3e12b-3586-3a58-a497-7ed7c4c794b9,AppDomainUnloadedException,System.AppDomainUnloadedException,0,,,System.Object,System.Exception,System.SystemException,System.AppDomainUnloadedException
7,3fdceec6-b14b-37e2-bb69-abc7ca0da22f,ArgumentException,System.ArgumentException,0,,,System.Object,System.Exception,System.SystemException,System.ArgumentException
8,3bd1f243-9bc4-305d-9b1c-0d10c80329fc,ArgumentNullException,System.ArgumentNullException,0,,,System.Object,System.Exception,System.SystemException,System.ArgumentException,System.ArgumentNullException
9,74bdd0b9-38d7-3fda-a67e-d404ee684f24,ArgumentOutOfRangeException,System.ArgumentOutOfRangeException,0,,,System.Object,System.Exception,System.SystemException,System.ArgumentException,System.ArgumentOutOfRangeException
10,647053c3-1879-34d7-ae57-67015c91fc70,ArithmeticException,System.ArithmeticException,0,,,System.Object,System.Exception,System.SystemException,System.ArithmeticException
11,676e1164-752c-3a74-8d3f-bcd32a2026d6,ArrayTypeMismatchException,System.ArrayTypeMismatchException,0,,,System.Object,System.Exception,System.SystemException,System.ArrayTypeMismatchException
12,e9148312-a9bf-3a45-bbca-350967fd78f5,BadImageFormatException,System.BadImageFormatException,0,,,System.Object,System.Exception,System.SystemException,System.BadImageFormatException
13,29c69707-875f-3678-8f01-283094a2dfb1,CannotUnloadAppDomainException,System.CannotUnloadAppDomainException,0,,,System.Object,System.Exception,System.SystemException,System.CannotUnloadAppDomainException
14,d6d2034d-5f67-30d7-9cc5-452f2c46694f,TypeUnloadedException,System.TypeUnloadedException,0,,,System.Object,System.Exception,System.SystemException,System.TypeUnloadedException
15,cbeaa915-4d2c-3f77-98e8-a258b0fd3cef,ContextMarshalException,System.ContextMarshalException,0,,,System.Object,System.Exception,System.SystemException,System.ContextMarshalException
16,f6914a11-d95d-324f-ba0f-39a374625290,DivideByZeroException,System.DivideByZeroException,0,,,System.Object,System.Exception,System.SystemException,System.ArithmeticException,System.DivideByZeroException
17,cc20c6df-a054-3f09-a5f5-a3b5a25f4ce6,DuplicateWaitObjectException,System.DuplicateWaitObjectException,0,,,System.Object,System.Exception,System.SystemException,System.ArgumentException,System.DuplicateWaitObjectException
18,ad326409-bf80-3e0c-ba6f-ee2c33b675a5,EntryPointNotFoundException,System.EntryPointNotFoundException,0,,,System.Object,System.Exception,System.SystemException,System.TypeLoadException,System.EntryPointNotFoundException
19,46e97093-b2ec-3787-a9a5-470d1a27417c,DllNotFoundException,System.DllNotFoundException,0,,,System.Object,System.Exception,System.SystemException,System.TypeLoadException,System.DllNotFoundException
20,bda7bee5-85f1-3b66-b610-ddf1d5898006,FieldAccessException,System.FieldAccessException,0,,,System.Object,System.Exception,System.SystemException,System.MemberAccessException,System.FieldAccessException
21,964aa3bd-4b12-3e23-9d7f-99342afae812,FormatException,System.FormatException,0,,,System.Object,System.Exception,System.SystemException,System.FormatException
22,5ca9971b-2dc3-3bc8-847a-5e6d15cbb16e,IndexOutOfRangeException,System.IndexOutOfRangeException,0,,,System.Object,System.Exception,System.SystemException,System.IndexOutOfRangeException
23,90f14ff0-0fd2-3c06-bdb1-1934db80859e,InsufficientMemoryException,System.InsufficientMemoryException,0,,,System.Object,System.Exception,System.SystemException,System.OutOfMemoryException,System.InsufficientMemoryException
24,6976e0cf-989a-3be8-94a6-5f26e27b5f53,InsufficientExecutionStackException,System.InsufficientExecutionStackException,0,,,System.Object,System.Exception,System.SystemException,System.InsufficientExecutionStackException
25,7f6bcbe5-eb30-370b-9f1b-92a6265afedd,InvalidCastException,System.InvalidCastException,0,,,System.Object,System.Exception,System.SystemException,System.InvalidCastException
26,9546306b-1b68-33af-80db-3a9206501515,InvalidOperationException,System.InvalidOperationException,0,,,System.Object,System.Exception,System.SystemException,System.InvalidOperationException
27,91591469-efef-3d63-90f9-88520f0aa1ef,InvalidProgramException,System.InvalidProgramException,0,,,System.Object,System.Exception,System.SystemException,System.InvalidProgramException
28,92e76a74-2622-3aa9-a3ca-1ae8bd7bc4a8,MethodAccessException,System.MethodAccessException,0,,,System.Object,System.Exception,System.SystemException,System.MemberAccessException,System.MethodAccessException
29,8d36569b-14d6-3c3d-b55c-9d02a45bfc3d,MissingFieldException,System.MissingFieldException,0,,,System.Object,System.Exception,System.SystemException,System.MemberAccessException,System.MissingMemberException,System.MissingFieldException
30,cdc70043-d56b-3799-b7bd-6113bbca160a,MissingMemberException,System.MissingMemberException,0,,,System.Object,System.Exception,System.SystemException,System.MemberAccessException,System.MissingMemberException
31,58897d76-ef6c-327a-93f7-6cd66c424e11,MissingMethodException,System.MissingMethodException,0,,,System.Object,System.Exception,System.SystemException,System.MemberAccessException,System.MissingMemberException,System.MissingMethodException
32,9da2f8b8-59f0-3852-b509-0663e3bf643b,MulticastNotSupportedException,System.MulticastNotSupportedException,0,,,System.Object,System.Exception,System.SystemException,System.MulticastNotSupportedException
33,7e34ab89-0684-3b86-8a0f-e638eb4e6252,NotFiniteNumberException,System.NotFiniteNumberException,0,,,System.Object,System.Exception,System.SystemException,System.ArithmeticException,System.NotFiniteNumberException
34,f8be2ad5-4e99-3e00-b10e-7c54d31c1c1d,NotImplementedException,System.NotImplementedException,0,,,System.Object,System.Exception,System.SystemException,System.NotImplementedException
35,dafb2462-2a5b-3818-b17e-602984fe1bb0,NotSupportedException,System.NotSupportedException,0,,,System.Object,System.Exception,System.SystemException,System.NotSupportedException
36,7f71db2d-1ea0-3cae-8087-26095f5215e6,NullReferenceException,System.NullReferenceException,0,,,System.Object,System.Exception,System.SystemException,System.NullReferenceException
37,f17baaf6-d35c-3c6e-acd3-d0d49a5022c4,ObjectDisposedException,System.ObjectDisposedException,0,,,System.Object,System.Exception,System.SystemException,System.InvalidOperationException,System.ObjectDisposedException
38,11581718-2434-32e3-b559-e86ce9923744,OperationCanceledException,System.OperationCanceledException,0,,,System.Object,System.Exception,System.SystemException,System.OperationCanceledException
39,4286fa72-a2fa-3245-8751-d4206070a191,OverflowException,System.OverflowException,0,,,System.Object,System.Exception,System.SystemException,System.ArithmeticException,System.OverflowException
40,a36738b5-fa8f-3316-a929-68099a32b43b,PlatformNotSupportedException,System.PlatformNotSupportedException,0,,,System.Object,System.Exception,System.SystemException,System.NotSupportedException,System.PlatformNotSupportedException
41,c9f61cbd-287f-3d24-9feb-2c3f347cf570,RankException,System.RankException,0,,,System.Object,System.Exception,System.SystemException,System.RankException
42,eaa78d4a-20a3-3fde-ab72-d3d55e3aefe6,TimeoutException,System.TimeoutException,0,,,System.Object,System.Exception,System.SystemException,System.TimeoutException
43,bb1919cc-b729-3c1b-858f-fc4f60a204d2,TypeAccessException,System.TypeAccessException,0,,,System.Object,System.Exception,System.SystemException,System.TypeLoadException,System.TypeAccessException
44,811fb5f2-9bfe-3557-83de-1279f0b3eb55,TypeInitializationException,System.TypeInitializationException,0,,,System.Object,System.Exception,System.SystemException,System.TypeInitializationException
45,112bc2e7-9ef9-3648-af9e-45c0d4b89929,TypeLoadException,System.TypeLoadException,0,,,System.Object,System.Exception,System.SystemException,System.TypeLoadException
46,75215200-a2fe-30f6-a34b-8f1a1830358e,UnauthorizedAccessException,System.UnauthorizedAccessException,0,,,System.Object,System.Exception,System.SystemException,System.UnauthorizedAccessException
47,8833bc41-dc6b-34b9-a799-682d2554f02f,DirectoryNotFoundException,System.IO.DirectoryNotFoundException,0,,,System.Object,System.Exception,System.SystemException,System.IO.IOException,System.IO.DirectoryNotFoundException
48,a8f9f740-70c9-30a7-937c-59785a9bb5a4,DriveNotFoundException,System.IO.DriveNotFoundException,0,,,System.Object,System.Exception,System.SystemException,System.IO.IOException,System.IO.DriveNotFoundException
49,58d052bc-a3df-3508-ac95-ff297bdc9f0c,EndOfStreamException,System.IO.EndOfStreamException,0,,,System.Object,System.Exception,System.SystemException,System.IO.IOException,System.IO.EndOfStreamException
50,af8c5f8a-9999-3e92-bb41-c5f4955174cd,FileLoadException,System.IO.FileLoadException,0,,,System.Object,System.Exception,System.SystemException,System.IO.IOException,System.IO.FileLoadException
51,48c6e96f-a2f3-33e7-ba7f-c8f74866760b,FileNotFoundException,System.IO.FileNotFoundException,0,,,System.Object,System.Exception,System.SystemException,System.IO.IOException,System.IO.FileNotFoundException
52,a164c0bf-67ae-3c7e-bc05-bfe24a8cdb62,IOException,System.IO.IOException,0,,,System.Object,System.Exception,System.SystemException,System.IO.IOException
53,c016a313-9606-36d3-a823-33ebf5006189,PathTooLongException,System.IO.PathTooLongException,0,,,System.Object,System.Exception,System.SystemException,System.IO.IOException,System.IO.PathTooLongException
54,e38da416-8050-3786-8201-46f187c15213,XmlSyntaxException,System.Security.XmlSyntaxException,0,,,System.Object,System.Exception,System.SystemException,System.Security.XmlSyntaxException
55,eef05c76-5c98-3685-a69c-6e1a26a7f846,SecurityException,System.Security.SecurityException,0,,,System.Object,System.Exception,System.SystemException,System.Security.SecurityException
56,ecc82a10-b731-3a01-8a17-ac0ddd7666cf,HostProtectionException,System.Security.HostProtectionException,0,,,System.Object,System.Exception,System.SystemException,System.Security.HostProtectionException
57,ebaa029c-01c0-32b6-aae6-fe21adfc3e5d,VerificationException,System.Security.VerificationException,0,,,System.Object,System.Exception,System.SystemException,System.Security.VerificationException
58,b35ea47e-fa71-34fd-b7e2-ebc050a4fb5a,PrivilegeNotHeldException,System.Security.AccessControl.PrivilegeNotHeldException,0,,,System.Object,System.Exception,System.SystemException,System.UnauthorizedAccessException,System.Security.AccessControl.PrivilegeNotHeldException
59,7f8c7dc5-d8b4-3758-981f-02af6b42461a,CryptographicException,System.Security.Cryptography.CryptographicException,0,,,System.Object,System.Exception,System.SystemException,System.Security.Cryptography.CryptographicException
60,c41fa05c-8a7a-3157-8166-4104bb4925ba,CryptographicUnexpectedOperationException,System.Security.Cryptography.CryptographicUnexpectedOperationException,0,,,System.Object,System.Exception,System.SystemException,System.Security.Cryptography.CryptographicException,System.Security.Cryptography.CryptographicUnexpectedOperationException
61,8e974b5a-a286-37da-94f8-5872c500eb0e,IdentityNotMappedException,System.Security.Principal.IdentityNotMappedException,0,,,System.Object,System.Exception,System.SystemException,System.Security.Principal.IdentityNotMappedException
62,89d26277-8408-3fc8-bd44-cf5f0e614c82,PolicyException,System.Security.Policy.PolicyException,0,,,System.Object,System.Exception,System.SystemException,System.Security.Policy.PolicyException
63,726bbdf4-6c6d-30f4-b3a0-f14d6aec08c7,MissingManifestResourceException,System.Resources.MissingManifestResourceException,0,,,System.Object,System.Exception,System.SystemException,System.Resources.MissingManifestResourceException
64,d41969a6-c394-34b9-bd24-dd408f39f261,MissingSatelliteAssemblyException,System.Resources.MissingSatelliteAssemblyException,0,,,System.Object,System.Exception,System.SystemException,System.Resources.MissingSatelliteAssemblyException
65,5df1ce00-4ebd-3f48-887a-c4bcca7ad912,CultureNotFoundException,System.Globalization.CultureNotFoundException,0,,,System.Object,System.Exception,System.SystemException,System.ArgumentException,System.Globalization.CultureNotFoundException
66,0d52abe3-3c93-3d94-a744-ac44850baccd,KeyNotFoundException,System.Collections.Generic.KeyNotFoundException,0,,,System.Object,System.Exception,System.SystemException,System.Collections.Generic.KeyNotFoundException
67,4ecd758f-49dc-313f-bea0-70811c6dc556,AbandonedMutexException,System.Threading.AbandonedMutexException,0,,,System.Object,System.Exception,System.SystemException,System.Threading.AbandonedMutexException
68,bd2d27c7-9d3e-3803-8ce2-de6647543b01,SemaphoreFullException,System.Threading.SemaphoreFullException,0,,,System.Object,System.Exception,System.SystemException,System.Threading.SemaphoreFullException
69,48a75519-cb7a-3d18-b91e-be62ee842a3e,SynchronizationLockException,System.Threading.SynchronizationLockException,0,,,System.Object,System.Exception,System.SystemException,System.Threading.SynchronizationLockException
70,ea1cf67d-7904-36a3-bd5b-dd028985861c,ThreadAbortException,System.Threading.ThreadAbortException,0,,,System.Object,System.Exception,System.SystemException,System.Threading.ThreadAbortException
71,27e986e1-baec-3d48-82e4-14169ca8cecf,ThreadInterruptedException,System.Threading.ThreadInterruptedException,0,,,System.Object,System.Exception,System.SystemException,System.Threading.ThreadInterruptedException
72,3e5509f0-1fb9-304d-8174-75d6c9afe5da,ThreadStateException,System.Threading.ThreadStateException,0,,,System.Object,System.Exception,System.SystemException,System.Threading.ThreadStateException
73,fb09b094-51e4-317b-b19f-aa81ede4a0f0,ThreadStartException,System.Threading.ThreadStartException,0,,,System.Object,System.Exception,System.SystemException,System.Threading.ThreadStartException
74,476c5101-4461-3f41-b57a-47ec843b2912,TaskCanceledException,System.Threading.Tasks.TaskCanceledException,0,,,System.Object,System.Exception,System.SystemException,System.OperationCanceledException,System.Threading.Tasks.TaskCanceledException
75,2846ae5e-a9fa-36cf-b2d1-6e95596dbde7,AmbiguousMatchException,System.Reflection.AmbiguousMatchException,0,,,System.Object,System.Exception,System.SystemException,System.Reflection.AmbiguousMatchException
76,d5cb383d-99f4-3c7e-a9c3-85b53661448f,CustomAttributeFormatException,System.Reflection.CustomAttributeFormatException,0,,,System.Object,System.Exception,System.SystemException,System.FormatException,System.Reflection.CustomAttributeFormatException
77,843b19ad-a02b-3852-ac56-fdc798935630,ReflectionTypeLoadException,System.Reflection.ReflectionTypeLoadException,0,,,System.Object,System.Exception,System.SystemException,System.Reflection.ReflectionTypeLoadException
78,57154c7c-edb2-3bfd-a8ba-924c60913ebf,SerializationException,System.Runtime.Serialization.SerializationException,0,,,System.Object,System.Exception,System.SystemException,System.Runtime.Serialization.SerializationException
79,24540ebc-316e-35d2-80db-8a535caf6a35,RemotingException,System.Runtime.Remoting.RemotingException,0,,,System.Object,System.Exception,System.SystemException,System.Runtime.Remoting.RemotingException
80,db13821e-9835-3958-8539-1e021399ab6c,ServerException,System.Runtime.Remoting.ServerException,0,,,System.Object,System.Exception,System.SystemException,System.Runtime.Remoting.ServerException
81,3cded51a-86b4-39f0-a12a-5d1fdced6546,RemotingTimeoutException,System.Runtime.Remoting.RemotingTimeoutException,0,,,System.Object,System.Exception,System.SystemException,System.Runtime.Remoting.RemotingException,System.Runtime.Remoting.RemotingTimeoutException
82,07f94112-a42e-328b-b508-702ef62bcc29,COMException,System.Runtime.InteropServices.COMException,0,,,System.Object,System.Exception,System.SystemException,System.Runtime.InteropServices.ExternalException,System.Runtime.InteropServices.COMException
83,afc681cf-e82f-361a-8280-cf4e1f844c3e,ExternalException,System.Runtime.InteropServices.ExternalException,0,,,System.Object,System.Exception,System.SystemException,System.Runtime.InteropServices.ExternalException
84,9a944885-edaf-3a81-a2ff-6a9d5d1abfc7,InvalidOleVariantTypeException,System.Runtime.InteropServices.InvalidOleVariantTypeException,0,,,System.Object,System.Exception,System.SystemException,System.Runtime.InteropServices.InvalidOleVariantTypeException
85,742ad1fb-b2f0-3681-b4aa-e736a3bce4e1,MarshalDirectiveException,System.Runtime.InteropServices.MarshalDirectiveException,0,,,System.Object,System.Exception,System.SystemException,System.Runtime.InteropServices.MarshalDirectiveException
86,ca805b13-468c-3a22-bf9a-818e97efa6b7,SEHException,System.Runtime.InteropServices.SEHException,0,,,System.Object,System.Exception,System.SystemException,System.Runtime.InteropServices.ExternalException,System.Runtime.InteropServices.SEHException
87,a7248ec6-a8a5-3d07-890e-6107f8c247e5,InvalidComObjectException,System.Runtime.InteropServices.InvalidComObjectException,0,,,System.Object,System.Exception,System.SystemException,System.Runtime.InteropServices.InvalidComObjectException
88,4be89ac3-603d-36b2-ab9b-9c38866f56d5,SafeArrayRankMismatchException,System.Runtime.InteropServices.SafeArrayRankMismatchException,0,,,System.Object,System.Exception,System.SystemException,System.Runtime.InteropServices.SafeArrayRankMismatchException
89,2d5ec63c-1b3e-3ee4-9052-eb0d0303549c,SafeArrayTypeMismatchException,System.Runtime.InteropServices.SafeArrayTypeMismatchException,0,,,System.Object,System.Exception,System.SystemException,System.Runtime.InteropServices.SafeArrayTypeMismatchException
90,84fc747a-1940-3d85-8819-ea53fc73db1b,DecoderFallbackException,System.Text.DecoderFallbackException,0,,,System.Object,System.Exception,System.SystemException,System.ArgumentException,System.Text.DecoderFallbackException
91,8078da75-f43f-341d-a00e-20d6d736415e,EncoderFallbackException,System.Text.EncoderFallbackException,0,,,System.Object,System.Exception,System.SystemException,System.ArgumentException,System.Text.EncoderFallbackException
92,6e166c25-c510-3721-b814-17d72aadc821,UriFormatException,System.UriFormatException,0,,,System.Object,System.Exception,System.SystemException,System.FormatException,System.UriFormatException
93,e118764f-11b2-34da-9998-ce8683eed583,ConfigurationException,System.Configuration.ConfigurationException,0,,,System.Object,System.Exception,System.SystemException,System.Configuration.ConfigurationException
94,16538eea-f4ed-3ad7-9405-2b9b7b5e8c56,CookieException,System.Net.CookieException,0,,,System.Object,System.Exception,System.SystemException,System.FormatException,System.Net.CookieException
95,0e8553ad-a71c-3c56-9edf-583fa1a20108,HttpListenerException,System.Net.HttpListenerException,0,,,System.Object,System.Exception,System.SystemException,System.Runtime.InteropServices.ExternalException,System.ComponentModel.Win32Exception,System.Net.HttpListenerException
96,f0e21d72-cbb3-3096-8020-197450b500f6,InternalException,System.Net.InternalException,0,,,System.Object,System.Exception,System.SystemException,System.Net.InternalException
97,3e0016de-817d-3548-b64e-a0ee38854a4d,ProtocolViolationException,System.Net.ProtocolViolationException,0,,,System.Object,System.Exception,System.SystemException,System.InvalidOperationException,System.Net.ProtocolViolationException
98,07bdb974-ee29-330e-9c5e-0e23e22c05b8,WebException,System.Net.WebException,0,,,System.Object,System.Exception,System.SystemException,System.InvalidOperationException,System.Net.WebException
99,fde16526-d64f-3f6c-a691-29a0496f5cdc,WebSocketException,System.Net.WebSockets.WebSocketException,0,,,System.Object,System.Exception,System.SystemException,System.Runtime.InteropServices.ExternalException,System.ComponentModel.Win32Exception,System.Net.WebSockets.WebSocketException
100,97149265-69cc-3143-80e6-355511e33048,NetworkInformationException,System.Net.NetworkInformation.NetworkInformationException,0,,,System.Object,System.Exception,System.SystemException,System.Runtime.InteropServices.ExternalException,System.ComponentModel.Win32Exception,System.Net.NetworkInformation.NetworkInformationException
101,96caa3cd-cab6-37fa-9d86-bf4bdbbceed5,PingException,System.Net.NetworkInformation.PingException,0,,,System.Object,System.Exception,System.SystemException,System.InvalidOperationException,System.Net.NetworkInformation.PingException
102,bf5ada04-5849-3293-b7be-4a2f4f221e90,SocketException,System.Net.Sockets.SocketException,0,,,System.Object,System.Exception,System.SystemException,System.Runtime.InteropServices.ExternalException,System.ComponentModel.Win32Exception,System.Net.Sockets.SocketException
103,fe0538f3-fcb6-3915-88bf-86e02790a200,AuthenticationException,System.Security.Authentication.AuthenticationException,0,,,System.Object,System.Exception,System.SystemException,System.Security.Authentication.AuthenticationException
104,9ead8c3f-869b-35cb-96f2-2808d752fe0c,InvalidCredentialException,System.Security.Authentication.InvalidCredentialException,0,,,System.Object,System.Exception,System.SystemException,System.Security.Authentication.AuthenticationException,System.Security.Authentication.InvalidCredentialException
105,1cdfe7d7-4ac8-327a-87ab-d2c30cfbb508,InvalidDataException,System.IO.InvalidDataException,0,,,System.Object,System.Exception,System.SystemException,System.IO.InvalidDataException
106,db65ddb4-f5ea-3428-bf23-33b871b0792a,InternalBufferOverflowException,System.IO.InternalBufferOverflowException,0,,,System.Object,System.Exception,System.SystemException,System.IO.InternalBufferOverflowException
107,b3e3d699-f7f2-3a82-9c68-76ad247c2be4,ZLibException,System.IO.Compression.ZLibException,0,,,System.Object,System.Exception,System.SystemException,System.IO.IOException,System.IO.Compression.ZLibException
108,60519677-7a6e-368a-92ea-584cdc7ccdef,InvalidAsynchronousStateException,System.ComponentModel.InvalidAsynchronousStateException,0,,,System.Object,System.Exception,System.SystemException,System.ArgumentException,System.ComponentModel.InvalidAsynchronousStateException
109,3802e485-5013-3dde-8720-59a445f4776b,InvalidEnumArgumentException,System.ComponentModel.InvalidEnumArgumentException,0,,,System.Object,System.Exception,System.SystemException,System.ArgumentException,System.ComponentModel.InvalidEnumArgumentException
110,bd7d8cd8-373c-3873-9d25-c180d03205df,LicenseException,System.ComponentModel.LicenseException,0,,,System.Object,System.Exception,System.SystemException,System.ComponentModel.LicenseException
111,d45a29af-dfe4-3928-b526-270406d86d47,WarningException,System.ComponentModel.WarningException,0,,,System.Object,System.Exception,System.SystemException,System.ComponentModel.WarningException
112,1821566f-9743-3145-8d4b-3fcb1c7819ae,Win32Exception,System.ComponentModel.Win32Exception,0,,,System.Object,System.Exception,System.SystemException,System.Runtime.InteropServices.ExternalException,System.ComponentModel.Win32Exception
113,01ea5ea2-1970-30a3-9f7b-7fc9416c9d1b,CheckoutException,System.ComponentModel.Design.CheckoutException,0,,,System.Object,System.Exception,System.SystemException,System.Runtime.InteropServices.ExternalException,System.ComponentModel.Design.CheckoutException
114,b81f3daa-01c2-3921-93f7-c0f11c20b91b,RegexMatchTimeoutException,System.Text.RegularExpressions.RegexMatchTimeoutException,0,,,System.Object,System.Exception,System.SystemException,System.TimeoutException,System.Text.RegularExpressions.RegexMatchTimeoutException
115,6d01472a-14a8-36e6-8e93-3577e1a8a4b5,InvalidPrinterException,System.Drawing.Printing.InvalidPrinterException,0,,,System.Object,System.Exception,System.SystemException,System.Drawing.Printing.InvalidPrinterException
116,064c47ac-c9df-4fcd-9009-e9299d620018,JSVsaException,Microsoft.JScript.Vsa.JSVsaException,0,,,System.Object,System.Exception,System.SystemException,System.Runtime.InteropServices.ExternalException,Microsoft.JScript.Vsa.JSVsaException
117,d9db067e-e871-3798-84aa-b7edda78d4d0,XamlParseException,MS.Internal.Markup.XamlParseException,0,,,System.Object,System.Exception,System.SystemException,MS.Internal.Markup.XamlParseException
118,3a15f9d4-f803-378a-8fc5-aa3c03ec7750,InvalidWmpVersionException,System.Windows.Media.InvalidWmpVersionException,0,,,System.Object,System.Exception,System.SystemException,System.Windows.Media.InvalidWmpVersionException
119,76be0fb7-40e8-3551-962c-c13f2c125d54,AnimationException,System.Windows.Media.Animation.AnimationException,0,,,System.Object,System.Exception,System.SystemException,System.Windows.Media.Animation.AnimationException
120,7a9233ca-6291-3354-8d1b-86b97f572403,FileFormatException,System.IO.FileFormatException,0,,,System.Object,System.Exception,System.SystemException,System.FormatException,System.IO.FileFormatException
121,7fd8e7c4-b8da-3338-9e5f-a04d898eaaca,ResourceReferenceKeyNotFoundException,System.Windows.ResourceReferenceKeyNotFoundException,0,,,System.Object,System.Exception,System.SystemException,System.InvalidOperationException,System.Windows.ResourceReferenceKeyNotFoundException
122,cf92280f-4d7a-3f3c-9e4d-bad8d85e119d,ValueUnavailableException,System.Windows.Data.ValueUnavailableException,0,,,System.Object,System.Exception,System.SystemException,System.Windows.Data.ValueUnavailableException
123,11bc09e0-36cd-3a0c-87d4-191b12e99335,XamlParseException,System.Windows.Markup.XamlParseException,0,,,System.Object,System.Exception,System.SystemException,System.Windows.Markup.XamlParseException
124,8453074a-5009-38cb-a255-14e6a4606cae,PrintSystemException,System.Printing.PrintSystemException,0,,,System.Object,System.Exception,System.SystemException,System.Printing.PrintSystemException
125,6563eafd-b476-3d52-a447-ca424792895b,PrintQueueException,System.Printing.PrintQueueException,0,,,System.Object,System.Exception,System.SystemException,System.Printing.PrintSystemException,System.Printing.PrintQueueException
126,62b5e961-a6a6-3b34-8089-97d8fdd7d7c9,PrintServerException,System.Printing.PrintServerException,0,,,System.Object,System.Exception,System.SystemException,System.Printing.PrintSystemException,System.Printing.PrintServerException
127,e5811729-701f-3eed-a691-c4998adc1837,PrintCommitAttributesException,System.Printing.PrintCommitAttributesException,0,,,System.Object,System.Exception,System.SystemException,System.Printing.PrintSystemException,System.Printing.PrintCommitAttributesException
128,d7c2a0fc-d393-31e3-86b4-0b8415750df3,PrintJobException,System.Printing.PrintJobException,0,,,System.Object,System.Exception,System.SystemException,System.Printing.PrintSystemException,System.Printing.PrintJobException
129,6955cb38-5149-35a0-82ad-2ef01acb166c,PrintingCanceledException,System.Printing.PrintingCanceledException,0,,,System.Object,System.Exception,System.SystemException,System.Printing.PrintSystemException,System.Printing.PrintJobException,System.Printing.PrintingCanceledException
130,1698733e-23d0-354a-b8c1-812f221d5c8b,PrintingNotSupportedException,System.Printing.PrintingNotSupportedException,0,,,System.Object,System.Exception,System.SystemException,System.Printing.PrintSystemException,System.Printing.PrintingNotSupportedException
131,4750567a-f18d-3495-8899-eb4db16907db,ValidationException,System.Activities.ValidationException,0,,,System.Object,System.Exception,System.SystemException,System.Activities.ValidationException
132,b6185fcb-5631-3fb5-853f-68090f7567ff,ConfigurationErrorsException,System.Configuration.ConfigurationErrorsException,0,,,System.Object,System.Exception,System.SystemException,System.Configuration.ConfigurationException,System.Configuration.ConfigurationErrorsException
133,5cf43dc5-c4c7-342e-b19e-b7cea5559922,InstallException,System.Configuration.Install.InstallException,0,,,System.Object,System.Exception,System.SystemException,System.Configuration.Install.InstallException
134,eddca2c3-bad3-3f91-a5a8-961d7e73eb47,PropertyConstraintException,System.Data.PropertyConstraintException,0,,,System.Object,System.Exception,System.SystemException,System.Data.DataException,System.Data.ConstraintException,System.Data.PropertyConstraintException
135,8454ddd9-e5ce-3873-a85f-a9a4cf9f95e0,EntityCommandCompilationException,System.Data.EntityCommandCompilationException,0,,,System.Object,System.Exception,System.SystemException,System.Data.DataException,System.Data.EntityException,System.Data.EntityCommandCompilationException
136,2791c3d2-a7b1-3b35-b95b-8b36b33637d8,EntityCommandExecutionException,System.Data.EntityCommandExecutionException,0,,,System.Object,System.Exception,System.SystemException,System.Data.DataException,System.Data.EntityException,System.Data.EntityCommandExecutionException
137,00a03161-2c57-3bb8-8c57-ccfa46b042d0,EntityException,System.Data.EntityException,0,,,System.Object,System.Exception,System.SystemException,System.Data.DataException,System.Data.EntityException
138,890de4f2-1b4b-3753-8e1f-fcaa9809f507,EntitySqlException,System.Data.EntitySqlException,0,,,System.Object,System.Exception,System.SystemException,System.Data.DataException,System.Data.EntityException,System.Data.EntitySqlException
139,cf9147b5-a14e-3640-b9b6-1f8a1bff4ed2,OptimisticConcurrencyException,System.Data.OptimisticConcurrencyException,0,,,System.Object,System.Exception,System.SystemException,System.Data.DataException,System.Data.UpdateException,System.Data.OptimisticConcurrencyException
140,067188b3-6eed-3d61-a3cd-a76d40ce070e,ProviderIncompatibleException,System.Data.ProviderIncompatibleException,0,,,System.Object,System.Exception,System.SystemException,System.Data.DataException,System.Data.EntityException,System.Data.ProviderIncompatibleException
141,0328a65a-2a49-34df-bbc1-62c933396d01,MappingException,System.Data.MappingException,0,,,System.Object,System.Exception,System.SystemException,System.Data.DataException,System.Data.EntityException,System.Data.MappingException
142,b23cbe62-74b3-31c1-a219-c56467316842,InternalMappingException,System.Data.InternalMappingException,0,,,System.Object,System.Exception,System.SystemException,System.Data.DataException,System.Data.EntityException,System.Data.InternalMappingException
143,1449e125-060d-3e03-97dd-2a6c3262b7b9,MetadataException,System.Data.MetadataException,0,,,System.Object,System.Exception,System.SystemException,System.Data.DataException,System.Data.EntityException,System.Data.MetadataException
144,9ca9e779-66e6-374e-90ac-07eecc3ad155,UpdateException,System.Data.UpdateException,0,,,System.Object,System.Exception,System.SystemException,System.Data.DataException,System.Data.UpdateException
145,f4260509-38ac-3091-ab30-e4d21dbf3e91,ObjectNotFoundException,System.Data.ObjectNotFoundException,0,,,System.Object,System.Exception,System.SystemException,System.Data.DataException,System.Data.ObjectNotFoundException
146,1aae9c37-d28f-30cf-873d-3ba5cec44246,InvalidCommandTreeException,System.Data.InvalidCommandTreeException,0,,,System.Object,System.Exception,System.SystemException,System.Data.DataException,System.Data.InvalidCommandTreeException
147,c6c34bdf-bbf5-3375-9d4f-b1dba983a8bc,DuplicateKeyException,System.Data.Linq.DuplicateKeyException,0,,,System.Object,System.Exception,System.SystemException,System.InvalidOperationException,System.Data.Linq.DuplicateKeyException
148,f1b8cd0f-9731-3f08-b1c7-58fff4c30296,ForeignKeyReferenceAlreadyHasValueException,System.Data.Linq.ForeignKeyReferenceAlreadyHasValueException,0,,,System.Object,System.Exception,System.SystemException,System.InvalidOperationException,System.Data.Linq.ForeignKeyReferenceAlreadyHasValueException
149,db4acddb-05c3-3e7a-a21b-8167272bd74d,OracleException,System.Data.OracleClient.OracleException,0,,,System.Object,System.Exception,System.SystemException,System.Runtime.InteropServices.ExternalException,System.Data.Common.DbException,System.Data.OracleClient.OracleException
150,5e0ffded-b506-31b9-9323-c6fddd7663e0,InvalidUdtException,Microsoft.SqlServer.Server.InvalidUdtException,0,,,System.Object,System.Exception,System.SystemException,Microsoft.SqlServer.Server.InvalidUdtException
151,0344e365-016c-346c-b029-84e053c98510,StrongTypingException,System.Data.StrongTypingException,0,,,System.Object,System.Exception,System.SystemException,System.Data.DataException,System.Data.StrongTypingException
152,7368aa2f-95d3-3e49-88d8-4566c0020fb0,TypedDataSetGeneratorException,System.Data.TypedDataSetGeneratorException,0,,,System.Object,System.Exception,System.SystemException,System.Data.DataException,System.Data.TypedDataSetGeneratorException
153,95332f7a-e0c0-3f4c-b43e-37a649e5d82f,DataException,System.Data.DataException,0,,,System.Object,System.Exception,System.SystemException,System.Data.DataException
154,4f5db157-1b87-3bfa-a646-ea9626cc305b,ConstraintException,System.Data.ConstraintException,0,,,System.Object,System.Exception,System.SystemException,System.Data.DataException,System.Data.ConstraintException
155,eeaf5688-a1a4-3a06-9bd4-5d2ce72925a1,DeletedRowInaccessibleException,System.Data.DeletedRowInaccessibleException,0,,,System.Object,System.Exception,System.SystemException,System.Data.DataException,System.Data.DeletedRowInaccessibleException
156,35b3b69b-f044-38a4-b605-c7c0a305b5bb,DuplicateNameException,System.Data.DuplicateNameException,0,,,System.Object,System.Exception,System.SystemException,System.Data.DataException,System.Data.DuplicateNameException
157,10a5490a-c1c0-3e1f-a5f9-db5b1277ea9d,InRowChangingEventException,System.Data.InRowChangingEventException,0,,,System.Object,System.Exception,System.SystemException,System.Data.DataException,System.Data.InRowChangingEventException
158,e5c5cfb3-1213-3b38-9c87-64c614f3f121,InvalidConstraintException,System.Data.InvalidConstraintException,0,,,System.Object,System.Exception,System.SystemException,System.Data.DataException,System.Data.InvalidConstraintException
159,28292c62-2a34-3475-9254-2c9d16607ae0,MissingPrimaryKeyException,System.Data.MissingPrimaryKeyException,0,,,System.Object,System.Exception,System.SystemException,System.Data.DataException,System.Data.MissingPrimaryKeyException
160,f44d3cd4-b00a-35cb-8517-48b88157fe44,NoNullAllowedException,System.Data.NoNullAllowedException,0,,,System.Object,System.Exception,System.SystemException,System.Data.DataException,System.Data.NoNullAllowedException
161,d41f90f6-251a-3a54-b633-ebe4d14d6ea6,ReadOnlyException,System.Data.ReadOnlyException,0,,,System.Object,System.Exception,System.SystemException,System.Data.DataException,System.Data.ReadOnlyException
162,644c9cec-12ad-373d-8f72-a407b4f8ff15,RowNotInTableException,System.Data.RowNotInTableException,0,,,System.Object,System.Exception,System.SystemException,System.Data.DataException,System.Data.RowNotInTableException
163,b5f91cf5-31d5-311b-a974-09ae28e1c261,VersionNotFoundException,System.Data.VersionNotFoundException,0,,,System.Object,System.Exception,System.SystemException,System.Data.DataException,System.Data.VersionNotFoundException
164,41ac822c-4053-3239-89cd-d09eaacba9a9,DBConcurrencyException,System.Data.DBConcurrencyException,0,,,System.Object,System.Exception,System.SystemException,System.Data.DBConcurrencyException
165,e3d6cb57-9ee1-32b6-8a2b-ab50d1936fd2,InvalidExpressionException,System.Data.InvalidExpressionException,0,,,System.Object,System.Exception,System.SystemException,System.Data.DataException,System.Data.InvalidExpressionException
166,62788f22-f1ce-3059-8384-7ac4afcf6bda,EvaluateException,System.Data.EvaluateException,0,,,System.Object,System.Exception,System.SystemException,System.Data.DataException,System.Data.InvalidExpressionException,System.Data.EvaluateException
167,0d4eefda-e8fc-392d-a2cc-0ec26c4a25f4,SyntaxErrorException,System.Data.SyntaxErrorException,0,,,System.Object,System.Exception,System.SystemException,System.Data.DataException,System.Data.InvalidExpressionException,System.Data.SyntaxErrorException
168,73b53162-443b-3457-91a5-d7262a82bd92,OperationAbortedException,System.Data.OperationAbortedException,0,,,System.Object,System.Exception,System.SystemException,System.Data.OperationAbortedException
169,7678da29-71e3-3fba-a739-077120a6869d,SqlTypeException,System.Data.SqlTypes.SqlTypeException,0,,,System.Object,System.Exception,System.SystemException,System.Data.SqlTypes.SqlTypeException
170,13c65320-a71b-3473-860d-dfdebcce58a6,SqlNullValueException,System.Data.SqlTypes.SqlNullValueException,0,,,System.Object,System.Exception,System.SystemException,System.Data.SqlTypes.SqlTypeException,System.Data.SqlTypes.SqlNullValueException
171,03dd07b2-755b-3b9d-adce-6abb51caf504,SqlTruncateException,System.Data.SqlTypes.SqlTruncateException,0,,,System.Object,System.Exception,System.SystemException,System.Data.SqlTypes.SqlTypeException,System.Data.SqlTypes.SqlTruncateException
172,72878fee-1263-3c0f-93b9-022bbef05490,SqlNotFilledException,System.Data.SqlTypes.SqlNotFilledException,0,,,System.Object,System.Exception,System.SystemException,System.Data.SqlTypes.SqlTypeException,System.Data.SqlTypes.SqlNotFilledException
173,e9e525f9-1084-3c76-a305-d7c371d88327,SqlAlreadyFilledException,System.Data.SqlTypes.SqlAlreadyFilledException,0,,,System.Object,System.Exception,System.SystemException,System.Data.SqlTypes.SqlTypeException,System.Data.SqlTypes.SqlAlreadyFilledException
174,b85ac0f9-3a9b-3dae-b9db-96f517a25b1a,SqlException,System.Data.SqlClient.SqlException,0,,,System.Object,System.Exception,System.SystemException,System.Runtime.InteropServices.ExternalException,System.Data.Common.DbException,System.Data.SqlClient.SqlException
175,7d375f63-68c8-3955-8a75-a69ee8e96a8d,OleDbException,System.Data.OleDb.OleDbException,0,,,System.Object,System.Exception,System.SystemException,System.Runtime.InteropServices.ExternalException,System.Data.Common.DbException,System.Data.OleDb.OleDbException
176,25963533-a5f8-3be2-a6a8-952b0f856310,OdbcException,System.Data.Odbc.OdbcException,0,,,System.Object,System.Exception,System.SystemException,System.Runtime.InteropServices.ExternalException,System.Data.Common.DbException,System.Data.Odbc.OdbcException
177,61ad995a-da04-3139-bd92-150c4935184d,DbException,System.Data.Common.DbException,0,,,System.Object,System.Exception,System.SystemException,System.Runtime.InteropServices.ExternalException,System.Data.Common.DbException
178,a9b07b81-2df4-3eca-80cd-6cdd876ce06f,DataServiceException,System.Data.Services.DataServiceException,0,,,System.Object,System.Exception,System.SystemException,System.InvalidOperationException,System.Data.Services.DataServiceException
179,2d088cf6-e466-3f84-880b-5ad1b215ff7f,DataServiceQueryException,System.Data.Services.Client.DataServiceQueryException,0,,,System.Object,System.Exception,System.SystemException,System.InvalidOperationException,System.Data.Services.Client.DataServiceQueryException
180,e7984bda-27ae-337a-b50a-0d9db0c7b64f,DataServiceRequestException,System.Data.Services.Client.DataServiceRequestException,0,,,System.Object,System.Exception,System.SystemException,System.InvalidOperationException,System.Data.Services.Client.DataServiceRequestException
181,6efd88c0-65cc-3801-9b12-7b72f1477194,DataServiceClientException,System.Data.Services.Client.DataServiceClientException,0,,,System.Object,System.Exception,System.SystemException,System.InvalidOperationException,System.Data.Services.Client.DataServiceClientException
182,8aa61e57-c4db-3ba8-bda1-f5b89c69c0d5,XslTransformException,System.Xml.Xsl.XslTransformException,0,,,System.Object,System.Exception,System.SystemException,System.Xml.Xsl.XsltException,System.Xml.Xsl.XslTransformException
183,378414ea-af8b-35c3-9213-c89c8fbd4948,XslLoadException,System.Xml.Xsl.XslLoadException,0,,,System.Object,System.Exception,System.SystemException,System.Xml.Xsl.XsltException,System.Xml.Xsl.XslTransformException,System.Xml.Xsl.XslLoadException
184,998028ad-0fce-3cda-8a9f-e56dacfc115a,XPathCompileException,System.Xml.Xsl.XPath.XPathCompileException,0,,,System.Object,System.Exception,System.SystemException,System.Xml.Xsl.XsltException,System.Xml.Xsl.XslTransformException,System.Xml.Xsl.XslLoadException,System.Xml.Xsl.XPath.XPathCompileException
185,30f748f0-c290-3ca0-98b6-e8f24430eb9f,XmlException,System.Xml.XmlException,0,,,System.Object,System.Exception,System.SystemException,System.Xml.XmlException
186,8aabb69f-6f59-302e-86a1-437e6b0ca7ec,XmlSchemaException,System.Xml.Schema.XmlSchemaException,0,,,System.Object,System.Exception,System.SystemException,System.Xml.Schema.XmlSchemaException
187,8e6ef0c5-0160-3931-b20c-576f8cc26c01,XmlSchemaValidationException,System.Xml.Schema.XmlSchemaValidationException,0,,,System.Object,System.Exception,System.SystemException,System.Xml.Schema.XmlSchemaException,System.Xml.Schema.XmlSchemaValidationException
188,305ed301-6c6d-3d89-9a24-680d177d7152,XmlSchemaInferenceException,System.Xml.Schema.XmlSchemaInferenceException,0,,,System.Object,System.Exception,System.SystemException,System.Xml.Schema.XmlSchemaException,System.Xml.Schema.XmlSchemaInferenceException
189,12d02992-1ead-31e9-8ac8-3f6d034a0bec,XsltException,System.Xml.Xsl.XsltException,0,,,System.Object,System.Exception,System.SystemException,System.Xml.Xsl.XsltException
190,707be9aa-4fed-3490-8c33-ef4fe145ed64,XsltCompileException,System.Xml.Xsl.XsltCompileException,0,,,System.Object,System.Exception,System.SystemException,System.Xml.Xsl.XsltException,System.Xml.Xsl.XsltCompileException
191,6004c074-5837-3698-9136-e2c7d87699e0,XPathException,System.Xml.XPath.XPathException,0,,,System.Object,System.Exception,System.SystemException,System.Xml.XPath.XPathException
192,0cc41f6b-23c5-3a47-b36b-9e14ffc35f7f,DeploymentException,System.Deployment.Application.DeploymentException,0,,,System.Object,System.Exception,System.SystemException,System.Deployment.Application.DeploymentException
193,ce5c9c00-f929-3009-87a4-f3c694d90e86,InvalidDeploymentException,System.Deployment.Application.InvalidDeploymentException,0,,,System.Object,System.Exception,System.SystemException,System.Deployment.Application.DeploymentException,System.Deployment.Application.InvalidDeploymentException
194,78152107-d3c0-3054-a32e-5779cc5b3c47,DeploymentDownloadException,System.Deployment.Application.DeploymentDownloadException,0,,,System.Object,System.Exception,System.SystemException,System.Deployment.Application.DeploymentException,System.Deployment.Application.DeploymentDownloadException
195,c68ddd91-c758-361f-bded-fada1fee4877,TrustNotGrantedException,System.Deployment.Application.TrustNotGrantedException,0,,,System.Object,System.Exception,System.SystemException,System.Deployment.Application.DeploymentException,System.Deployment.Application.TrustNotGrantedException
196,ad53e1e6-dc46-3433-bf6f-9760d89029dc,DependentPlatformMissingException,System.Deployment.Application.DependentPlatformMissingException,0,,,System.Object,System.Exception,System.SystemException,System.Deployment.Application.DeploymentException,System.Deployment.Application.DependentPlatformMissingException
197,c55b085c-2b6b-3c3c-9b3f-cd7b6953c2eb,CompatibleFrameworkMissingException,System.Deployment.Application.CompatibleFrameworkMissingException,0,,,System.Object,System.Exception,System.SystemException,System.Deployment.Application.DeploymentException,System.Deployment.Application.DependentPlatformMissingException,System.Deployment.Application.CompatibleFrameworkMissingException
198,a15fe6fd-0228-30c7-a872-5519e8b79022,SupportedRuntimeMissingException,System.Deployment.Application.SupportedRuntimeMissingException,0,,,System.Object,System.Exception,System.SystemException,System.Deployment.Application.DeploymentException,System.Deployment.Application.DependentPlatformMissingException,System.Deployment.Application.SupportedRuntimeMissingException
199,01fba6a4-13ef-39d2-9e3f-8ca4ce7d4684,DownloadCancelledException,System.Deployment.Application.DownloadCancelledException,0,,,System.Object,System.Exception,System.SystemException,System.Deployment.Application.DeploymentException,System.Deployment.Application.DeploymentDownloadException,System.Deployment.Application.DownloadCancelledException
200,f690d8f4-ac93-3765-b035-cd65ab11ff6b,CodeDomSerializerException,System.ComponentModel.Design.Serialization.CodeDomSerializerException,0,,,System.Object,System.Exception,System.SystemException,System.ComponentModel.Design.Serialization.CodeDomSerializerException
201,139365e8-54ca-396b-8b0b-69019a949d15,TypedDataSetGeneratorException,System.Data.Design.TypedDataSetGeneratorException,0,,,System.Object,System.Exception,System.SystemException,System.Data.DataException,System.Data.Design.TypedDataSetGeneratorException
202,4d0b3855-cff8-37b7-8971-3b122b4b3c6b,DirectoryServicesCOMException,System.DirectoryServices.DirectoryServicesCOMException,0,,,System.Object,System.Exception,System.SystemException,System.Runtime.InteropServices.ExternalException,System.Runtime.InteropServices.COMException,System.DirectoryServices.DirectoryServicesCOMException
203,f1214607-f21c-3df4-9b8f-d804f48f9bfd,PrincipalException,System.DirectoryServices.AccountManagement.PrincipalException,0,,,System.Object,System.Exception,System.SystemException,System.DirectoryServices.AccountManagement.PrincipalException
204,2cfaf423-60ec-3e42-9538-ba1312538806,MultipleMatchesException,System.DirectoryServices.AccountManagement.MultipleMatchesException,0,,,System.Object,System.Exception,System.SystemException,System.DirectoryServices.AccountManagement.PrincipalException,System.DirectoryServices.AccountManagement.MultipleMatchesException
205,8d7bcdfd-9b97-3a6c-bd33-b7c8a456e0c7,NoMatchingPrincipalException,System.DirectoryServices.AccountManagement.NoMatchingPrincipalException,0,,,System.Object,System.Exception,System.SystemException,System.DirectoryServices.AccountManagement.PrincipalException,System.DirectoryServices.AccountManagement.NoMatchingPrincipalException
206,ad1591e4-8854-34c7-ad4f-912ae07af2f5,PasswordException,System.DirectoryServices.AccountManagement.PasswordException,0,,,System.Object,System.Exception,System.SystemException,System.DirectoryServices.AccountManagement.PrincipalException,System.DirectoryServices.AccountManagement.PasswordException
207,10a185c3-d531-3684-9e7e-36e2b3e5f91f,PrincipalExistsException,System.DirectoryServices.AccountManagement.PrincipalExistsException,0,,,System.Object,System.Exception,System.SystemException,System.DirectoryServices.AccountManagement.PrincipalException,System.DirectoryServices.AccountManagement.PrincipalExistsException
208,a8b24ec7-9841-3c46-9553-aebaa74fb15a,PrincipalServerDownException,System.DirectoryServices.AccountManagement.PrincipalServerDownException,0,,,System.Object,System.Exception,System.SystemException,System.DirectoryServices.AccountManagement.PrincipalException,System.DirectoryServices.AccountManagement.PrincipalServerDownException
209,3b1f1695-7e25-3d1d-841f-28af8202ee5b,PrincipalOperationException,System.DirectoryServices.AccountManagement.PrincipalOperationException,0,,,System.Object,System.Exception,System.SystemException,System.DirectoryServices.AccountManagement.PrincipalException,System.DirectoryServices.AccountManagement.PrincipalOperationException
210,41fe3f34-02a0-34b0-bb22-fc0d20a153a3,ServicedComponentException,System.EnterpriseServices.ServicedComponentException,0,,,System.Object,System.Exception,System.SystemException,System.EnterpriseServices.ServicedComponentException
211,af4fb66c-dc02-302f-83e2-58b8574bc3b8,TransactionProxyException,System.EnterpriseServices.TransactionProxyException,0,,,System.Object,System.Exception,System.SystemException,System.Runtime.InteropServices.ExternalException,System.Runtime.InteropServices.COMException,System.EnterpriseServices.TransactionProxyException
212,8066fb71-afa1-343e-8070-44ab4f3f85c9,RegistrationException,System.EnterpriseServices.RegistrationException,0,,,System.Object,System.Exception,System.SystemException,System.EnterpriseServices.RegistrationException
213,c8bdfbc9-2d52-3daa-8d3d-6db94108c652,LimitExceededException,System.IdentityModel.LimitExceededException,0,,,System.Object,System.Exception,System.SystemException,System.IdentityModel.LimitExceededException
214,86bda871-1057-3c24-b655-4e5e08d3a683,SecurityMessageSerializationException,System.IdentityModel.SecurityMessageSerializationException,0,,,System.Object,System.Exception,System.SystemException,System.IdentityModel.SecurityMessageSerializationException
215,0e79605c-7e2e-3bf7-85da-46c18f9c2e00,SignatureVerificationFailedException,System.IdentityModel.SignatureVerificationFailedException,0,,,System.Object,System.Exception,System.SystemException,System.IdentityModel.Tokens.SecurityTokenException,System.IdentityModel.SignatureVerificationFailedException
216,9160cc0b-7f57-33f7-9ec7-5cd60e824a89,AudienceUriValidationFailedException,System.IdentityModel.Tokens.AudienceUriValidationFailedException,0,,,System.Object,System.Exception,System.SystemException,System.IdentityModel.Tokens.SecurityTokenException,System.IdentityModel.Tokens.SecurityTokenValidationException,System.IdentityModel.Tokens.AudienceUriValidationFailedException
217,00eac3a1-c039-3133-9573-31618212684b,EncryptedTokenDecryptionFailedException,System.IdentityModel.Tokens.EncryptedTokenDecryptionFailedException,0,,,System.Object,System.Exception,System.SystemException,System.IdentityModel.Tokens.SecurityTokenException,System.IdentityModel.Tokens.EncryptedTokenDecryptionFailedException
218,64b6ad3e-d980-3c48-bb91-8d28878d4065,SecurityTokenException,System.IdentityModel.Tokens.SecurityTokenException,0,,,System.Object,System.Exception,System.SystemException,System.IdentityModel.Tokens.SecurityTokenException
219,704fc090-d4f1-3d58-b002-82ed7344bb5b,SecurityTokenExpiredException,System.IdentityModel.Tokens.SecurityTokenExpiredException,0,,,System.Object,System.Exception,System.SystemException,System.IdentityModel.Tokens.SecurityTokenException,System.IdentityModel.Tokens.SecurityTokenValidationException,System.IdentityModel.Tokens.SecurityTokenExpiredException
220,7d77d322-4663-34b1-ab7c-e87109ae835b,SecurityTokenNotYetValidException,System.IdentityModel.Tokens.SecurityTokenNotYetValidException,0,,,System.Object,System.Exception,System.SystemException,System.IdentityModel.Tokens.SecurityTokenException,System.IdentityModel.Tokens.SecurityTokenValidationException,System.IdentityModel.Tokens.SecurityTokenNotYetValidException
221,0513f50c-4191-3b82-894a-18e630c149eb,SecurityTokenReplayDetectedException,System.IdentityModel.Tokens.SecurityTokenReplayDetectedException,0,,,System.Object,System.Exception,System.SystemException,System.IdentityModel.Tokens.SecurityTokenException,System.IdentityModel.Tokens.SecurityTokenValidationException,System.IdentityModel.Tokens.SecurityTokenReplayDetectedException
222,db68d705-5adc-3477-9fb8-aaaa93c25c7e,SecurityTokenValidationException,System.IdentityModel.Tokens.SecurityTokenValidationException,0,,,System.Object,System.Exception,System.SystemException,System.IdentityModel.Tokens.SecurityTokenException,System.IdentityModel.Tokens.SecurityTokenValidationException
223,01c21cc8-f4a4-3db3-bb05-c1d3a8d80d8b,ReservationNotFoundException,System.IO.Log.ReservationNotFoundException,0,,,System.Object,System.Exception,System.SystemException,System.ArgumentException,System.IO.Log.ReservationNotFoundException
224,38ad11d5-c054-3835-9bc4-7d4531411d0f,ManagementException,System.Management.ManagementException,0,,,System.Object,System.Exception,System.SystemException,System.Management.ManagementException
225,c6091b6b-6b83-35e9-8109-6098fb5e638e,MessageQueueException,System.Messaging.MessageQueueException,0,,,System.Object,System.Exception,System.SystemException,System.Runtime.InteropServices.ExternalException,System.Messaging.MessageQueueException
226,4be8c758-3ac2-342f-a2d3-be2f7ece2b94,CryptoSignedXmlRecursionException,System.Security.Cryptography.Xml.CryptoSignedXmlRecursionException,0,,,System.Object,System.Exception,System.SystemException,System.Xml.XmlException,System.Security.Cryptography.Xml.CryptoSignedXmlRecursionException
227,ed654999-625f-30a0-a4a5-1e5069c34633,UriTemplateMatchException,System.UriTemplateMatchException,0,,,System.Object,System.Exception,System.SystemException,System.UriTemplateMatchException
228,6bd2e365-8366-3256-af6f-6fa2eb516ee1,PipeException,System.IO.PipeException,0,,,System.Object,System.Exception,System.SystemException,System.IO.IOException,System.IO.PipeException
229,458ca259-766c-31ef-97e5-411ae1cb16b4,ActionNotSupportedException,System.ServiceModel.ActionNotSupportedException,0,,,System.Object,System.Exception,System.SystemException,System.ServiceModel.CommunicationException,System.ServiceModel.ActionNotSupportedException
230,f3e9f42f-a657-373c-b80b-ee599ea8b9fc,ActionMismatchAddressingException,System.ServiceModel.ActionMismatchAddressingException,0,,,System.Object,System.Exception,System.SystemException,System.ServiceModel.CommunicationException,System.ServiceModel.ProtocolException,System.ServiceModel.ActionMismatchAddressingException
231,a1467215-72c7-3e5d-bca3-f8612e0d93dd,AddressAlreadyInUseException,System.ServiceModel.AddressAlreadyInUseException,0,,,System.Object,System.Exception,System.SystemException,System.ServiceModel.CommunicationException,System.ServiceModel.AddressAlreadyInUseException
232,20854bbb-6e0f-3906-93ec-170e34145489,AddressAccessDeniedException,System.ServiceModel.AddressAccessDeniedException,0,,,System.Object,System.Exception,System.SystemException,System.ServiceModel.CommunicationException,System.ServiceModel.AddressAccessDeniedException
233,36ed55af-f75d-36b5-abbb-67573111899a,ChannelTerminatedException,System.ServiceModel.ChannelTerminatedException,0,,,System.Object,System.Exception,System.SystemException,System.ServiceModel.CommunicationException,System.ServiceModel.ChannelTerminatedException
234,2d9dbe16-1351-3d16-89fa-faac3075080e,CommunicationException,System.ServiceModel.CommunicationException,0,,,System.Object,System.Exception,System.SystemException,System.ServiceModel.CommunicationException
235,4558eea0-1a0c-3341-b5d9-7ed016e85d38,CommunicationObjectAbortedException,System.ServiceModel.CommunicationObjectAbortedException,0,,,System.Object,System.Exception,System.SystemException,System.ServiceModel.CommunicationException,System.ServiceModel.CommunicationObjectAbortedException
236,5854f27d-da73-358b-8f55-f51088d7318f,CommunicationObjectFaultedException,System.ServiceModel.CommunicationObjectFaultedException,0,,,System.Object,System.Exception,System.SystemException,System.ServiceModel.CommunicationException,System.ServiceModel.CommunicationObjectFaultedException
237,70087077-56d8-3498-9df1-fb3d048d3c64,EndpointNotFoundException,System.ServiceModel.EndpointNotFoundException,0,,,System.Object,System.Exception,System.SystemException,System.ServiceModel.CommunicationException,System.ServiceModel.EndpointNotFoundException
238,d6d49ab8-c587-385f-af33-eb69f6ab11a1,ProtocolException,System.ServiceModel.ProtocolException,0,,,System.Object,System.Exception,System.SystemException,System.ServiceModel.CommunicationException,System.ServiceModel.ProtocolException
239,baae6d0f-70c8-3cb2-b578-917d164915b6,ServerTooBusyException,System.ServiceModel.ServerTooBusyException,0,,,System.Object,System.Exception,System.SystemException,System.ServiceModel.CommunicationException,System.ServiceModel.ServerTooBusyException
240,662c93ab-7a81-3b74-a38c-81eff9dbbb51,ServiceActivationException,System.ServiceModel.ServiceActivationException,0,,,System.Object,System.Exception,System.SystemException,System.ServiceModel.CommunicationException,System.ServiceModel.ServiceActivationException
241,7046f6b5-0051-3851-9109-feb158d1b0f0,QuotaExceededException,System.ServiceModel.QuotaExceededException,0,,,System.Object,System.Exception,System.SystemException,System.ServiceModel.QuotaExceededException
242,e85a4fbf-5a12-3063-b6d6-3dea6d8a8f68,MsmqException,System.ServiceModel.MsmqException,0,,,System.Object,System.Exception,System.SystemException,System.Runtime.InteropServices.ExternalException,System.ServiceModel.MsmqException
243,6b8974b5-25de-37f1-ab2a-b07ef98ee439,MsmqPoisonMessageException,System.ServiceModel.MsmqPoisonMessageException,0,,,System.Object,System.Exception,System.SystemException,System.ServiceModel.CommunicationException,System.ServiceModel.PoisonMessageException,System.ServiceModel.MsmqPoisonMessageException
244,cea13a45-2286-394d-824c-17bdc125c654,PoisonMessageException,System.ServiceModel.PoisonMessageException,0,,,System.Object,System.Exception,System.SystemException,System.ServiceModel.CommunicationException,System.ServiceModel.PoisonMessageException
245,b87e7431-acec-3885-8375-cac6c8216c91,InvalidMessageContractException,System.ServiceModel.InvalidMessageContractException,0,,,System.Object,System.Exception,System.SystemException,System.ServiceModel.InvalidMessageContractException
246,1194fe0f-dc18-3ca0-9c3a-f51224aaaf68,FaultException,System.ServiceModel.FaultException,0,,,System.Object,System.Exception,System.SystemException,System.ServiceModel.CommunicationException,System.ServiceModel.FaultException
247,a7533d4f-7ea1-30e4-b1e0-00cf989280f0,FaultException`1,System.ServiceModel.FaultException`1,0,,,System.Object,System.Exception,System.SystemException,System.ServiceModel.CommunicationException,System.ServiceModel.FaultException,System.ServiceModel.FaultException`1
248,f722d439-fb16-367a-8d09-8387f728d048,MessageHeaderException,System.ServiceModel.MessageHeaderException,0,,,System.Object,System.Exception,System.SystemException,System.ServiceModel.CommunicationException,System.ServiceModel.ProtocolException,System.ServiceModel.MessageHeaderException
249,09fcb4e3-ae7a-3d83-80ba-ca4ddd64b913,MustUnderstandSoapException,System.ServiceModel.MustUnderstandSoapException,0,,,System.Object,System.Exception,System.SystemException,System.ServiceModel.CommunicationException,System.ServiceModel.MustUnderstandSoapException
250,45b83c8c-13e9-32b8-a1e2-10b475bd7a22,WrappedDispatcherException,System.ServiceModel.WrappedDispatcherException,0,,,System.Object,System.Exception,System.SystemException,System.ServiceModel.WrappedDispatcherException
251,9eae646b-d471-314d-8a49-19d5ac82d85c,TransactionManagerConfigurationException,System.ServiceModel.Transactions.TransactionManagerConfigurationException,0,,,System.Object,System.Exception,System.SystemException,System.Transactions.TransactionException,System.ServiceModel.Transactions.TransactionManagerConfigurationException
252,9c7527e1-46b1-3129-a37a-4f457442e9db,MonikerSyntaxException,System.ServiceModel.ComIntegration.MonikerSyntaxException,0,,,System.Object,System.Exception,System.SystemException,System.Runtime.InteropServices.ExternalException,System.Runtime.InteropServices.COMException,System.ServiceModel.ComIntegration.MonikerSyntaxException
253,7f1b878e-f9ab-3e82-9ca8-7f3cd068f740,MessageSecurityException,System.ServiceModel.Security.MessageSecurityException,0,,,System.Object,System.Exception,System.SystemException,System.ServiceModel.CommunicationException,System.ServiceModel.Security.MessageSecurityException
254,5d30aea6-544b-306a-89f5-a419bbd202f4,SecurityAccessDeniedException,System.ServiceModel.Security.SecurityAccessDeniedException,0,,,System.Object,System.Exception,System.SystemException,System.ServiceModel.CommunicationException,System.ServiceModel.Security.SecurityAccessDeniedException
255,c83327e7-1b72-3204-b0c3-bffe2cb49103,ExpiredSecurityTokenException,System.ServiceModel.Security.ExpiredSecurityTokenException,0,,,System.Object,System.Exception,System.SystemException,System.ServiceModel.CommunicationException,System.ServiceModel.Security.MessageSecurityException,System.ServiceModel.Security.ExpiredSecurityTokenException
256,510f0ded-ea30-323e-9f8c-9d1bd99cbb83,SessionKeyExpiredException,System.ServiceModel.Security.SessionKeyExpiredException,0,,,System.Object,System.Exception,System.SystemException,System.ServiceModel.CommunicationException,System.ServiceModel.Security.MessageSecurityException,System.ServiceModel.Security.SessionKeyExpiredException
257,ad52689d-6d6b-3109-9bf4-f539706c8ab5,SecurityNegotiationException,System.ServiceModel.Security.SecurityNegotiationException,0,,,System.Object,System.Exception,System.SystemException,System.ServiceModel.CommunicationException,System.ServiceModel.Security.SecurityNegotiationException
258,d20b11fa-e609-38e7-b048-b1319ccffcbc,SecurityContextTokenValidationException,System.ServiceModel.Security.Tokens.SecurityContextTokenValidationException,0,,,System.Object,System.Exception,System.SystemException,System.IdentityModel.Tokens.SecurityTokenException,System.IdentityModel.Tokens.SecurityTokenValidationException,System.ServiceModel.Security.Tokens.SecurityContextTokenValidationException
259,9352040f-75a4-32fd-bf8e-aa2e7ed1aadb,WbemException,System.ServiceModel.Administration.WbemException,0,,,System.Object,System.Exception,System.SystemException,System.Runtime.InteropServices.ExternalException,System.ComponentModel.Win32Exception,System.ServiceModel.Administration.WbemException
260,0ffbe46f-2d5b-3405-a4ea-27a3a10026ae,WbemInstanceNotFoundException,System.ServiceModel.Administration.WbemInstanceNotFoundException,0,,,System.Object,System.Exception,System.SystemException,System.Runtime.InteropServices.ExternalException,System.ComponentModel.Win32Exception,System.ServiceModel.Administration.WbemException,System.ServiceModel.Administration.WbemInstanceNotFoundException
261,821b54dc-e259-3c28-85bc-b856d4bbd417,WbemInvalidParameterException,System.ServiceModel.Administration.WbemInvalidParameterException,0,,,System.Object,System.Exception,System.SystemException,System.Runtime.InteropServices.ExternalException,System.ComponentModel.Win32Exception,System.ServiceModel.Administration.WbemException,System.ServiceModel.Administration.WbemInvalidParameterException
262,e4e1e498-2557-3f36-8923-5adbb9729bce,WbemNotSupportedException,System.ServiceModel.Administration.WbemNotSupportedException,0,,,System.Object,System.Exception,System.SystemException,System.Runtime.InteropServices.ExternalException,System.ComponentModel.Win32Exception,System.ServiceModel.Administration.WbemException,System.ServiceModel.Administration.WbemNotSupportedException
263,a38ebd1b-68c4-3ba3-b150-9ad0c8da86db,WbemInvalidMethodException,System.ServiceModel.Administration.WbemInvalidMethodException,0,,,System.Object,System.Exception,System.SystemException,System.Runtime.InteropServices.ExternalException,System.ComponentModel.Win32Exception,System.ServiceModel.Administration.WbemException,System.ServiceModel.Administration.WbemInvalidMethodException
264,105aee27-db4e-3f64-ad63-4a1e0b3a81f9,FilterInvalidBodyAccessException,System.ServiceModel.Dispatcher.FilterInvalidBodyAccessException,0,,,System.Object,System.Exception,System.SystemException,System.ServiceModel.Dispatcher.InvalidBodyAccessException,System.ServiceModel.Dispatcher.FilterInvalidBodyAccessException
265,bb1c00b9-15e1-3cf1-b0ac-db1ccbc2f8af,InvalidBodyAccessException,System.ServiceModel.Dispatcher.InvalidBodyAccessException,0,,,System.Object,System.Exception,System.SystemException,System.ServiceModel.Dispatcher.InvalidBodyAccessException
266,30d9740b-8c50-36e0-be84-e3b4750a2bbf,MessageFilterException,System.ServiceModel.Dispatcher.MessageFilterException,0,,,System.Object,System.Exception,System.SystemException,System.ServiceModel.CommunicationException,System.ServiceModel.Dispatcher.MessageFilterException
267,ce0bfcd6-7a08-39b2-a0e9-217c6f605f72,MultipleFilterMatchesException,System.ServiceModel.Dispatcher.MultipleFilterMatchesException,0,,,System.Object,System.Exception,System.SystemException,System.ServiceModel.Dispatcher.MultipleFilterMatchesException
268,930543d5-19e3-3283-bdab-6ff3f85df8e3,NavigatorInvalidBodyAccessException,System.ServiceModel.Dispatcher.NavigatorInvalidBodyAccessException,0,,,System.Object,System.Exception,System.SystemException,System.ServiceModel.Dispatcher.InvalidBodyAccessException,System.ServiceModel.Dispatcher.NavigatorInvalidBodyAccessException
269,98a9e004-04c5-33a6-8fb0-9a85e3b1b520,XPathNavigatorException,System.ServiceModel.Dispatcher.XPathNavigatorException,0,,,System.Object,System.Exception,System.SystemException,System.Xml.XPath.XPathException,System.ServiceModel.Dispatcher.XPathNavigatorException
270,cc584e5a-7d89-39b3-94af-9113f8f09d0a,QueryProcessingException,System.ServiceModel.Dispatcher.QueryProcessingException,0,,,System.Object,System.Exception,System.SystemException,System.Xml.XPath.XPathException,System.ServiceModel.Dispatcher.QueryProcessingException
271,5a1f402c-2f52-3b95-9d44-1c17feee0330,QueryCompileException,System.ServiceModel.Dispatcher.QueryCompileException,0,,,System.Object,System.Exception,System.SystemException,System.Xml.XPath.XPathException,System.ServiceModel.Dispatcher.QueryCompileException
272,61a50f0f-721b-362f-b5b8-f00a08c78242,NetDispatcherFaultException,System.ServiceModel.Dispatcher.NetDispatcherFaultException,0,,,System.Object,System.Exception,System.SystemException,System.ServiceModel.CommunicationException,System.ServiceModel.FaultException,System.ServiceModel.Dispatcher.NetDispatcherFaultException
273,d0c3a1c0-ef05-3e5d-b8a4-87f58e54d776,RedirectionException,System.ServiceModel.Channels.RedirectionException,0,,,System.Object,System.Exception,System.SystemException,System.ServiceModel.CommunicationException,System.ServiceModel.Channels.RedirectionException
274,f9a24330-a375-3c0d-8dc1-b4c9a5d82d99,RetryException,System.ServiceModel.Channels.RetryException,0,,,System.Object,System.Exception,System.SystemException,System.ServiceModel.CommunicationException,System.ServiceModel.Channels.RetryException
275,9f0d7121-d8e8-3c0f-bc54-0beed63c156f,AlreadyFaultedException,System.ServiceModel.Description.WsdlImporter+AlreadyFaultedException,0,,,System.Object,System.Exception,System.SystemException,System.InvalidOperationException,System.ServiceModel.Description.WsdlImporter+AlreadyFaultedException
276,53120423-a4b7-3552-b259-dbe5f40f82c8,InternalFaultException,System.ServiceModel.Channels.WsrmMessageInfo+InternalFaultException,0,,,System.Object,System.Exception,System.SystemException,System.ServiceModel.CommunicationException,System.ServiceModel.ProtocolException,System.ServiceModel.Channels.WsrmMessageInfo+InternalFaultException
277,a7f22d8c-9274-3222-8c1d-7ad5a5e26075,PnrpException,System.ServiceModel.Channels.PnrpPeerResolver+PnrpException,0,,,System.Object,System.Exception,System.SystemException,System.Runtime.InteropServices.ExternalException,System.ComponentModel.Win32Exception,System.Net.Sockets.SocketException,System.ServiceModel.Channels.PnrpPeerResolver+PnrpException
278,81e50ca9-fe46-33e1-9291-1c6226b6bedd,WebFaultException,System.ServiceModel.Web.WebFaultException,0,,,System.Object,System.Exception,System.SystemException,System.ServiceModel.CommunicationException,System.ServiceModel.FaultException,System.ServiceModel.Web.WebFaultException
279,2e6939ad-4a8d-3d2c-a768-39ff6a05eace,WebFaultException`1,System.ServiceModel.Web.WebFaultException`1,0,,,System.Object,System.Exception,System.SystemException,System.ServiceModel.CommunicationException,System.ServiceModel.FaultException,,System.ServiceModel.Web.WebFaultException`1
280,ab6f027f-ca8b-30d5-addc-bdd0cd0d244a,TimeoutException,System.ServiceProcess.TimeoutException,0,,,System.Object,System.Exception,System.SystemException,System.ServiceProcess.TimeoutException
281,32c3e8d4-c5f9-3ff7-90f2-57726e395867,TransactionException,System.Transactions.TransactionException,0,,,System.Object,System.Exception,System.SystemException,System.Transactions.TransactionException
282,264a2cb8-a0f1-39df-907f-b3a449161777,TransactionAbortedException,System.Transactions.TransactionAbortedException,0,,,System.Object,System.Exception,System.SystemException,System.Transactions.TransactionException,System.Transactions.TransactionAbortedException
283,e42e0fe2-b25f-31ad-a323-14ef161c5de7,TransactionInDoubtException,System.Transactions.TransactionInDoubtException,0,,,System.Object,System.Exception,System.SystemException,System.Transactions.TransactionException,System.Transactions.TransactionInDoubtException
284,e6a4f19d-3f75-3801-b803-aa8d5ae73b7b,TransactionManagerCommunicationException,System.Transactions.TransactionManagerCommunicationException,0,,,System.Object,System.Exception,System.SystemException,System.Transactions.TransactionException,System.Transactions.TransactionManagerCommunicationException
285,a5de4030-63ee-3bc5-9fb3-6144ca4234e4,TransactionPromotionException,System.Transactions.TransactionPromotionException,0,,,System.Object,System.Exception,System.SystemException,System.Transactions.TransactionException,System.Transactions.TransactionPromotionException
286,09862b37-d7ec-38d0-8f3c-078fb0e5b398,HttpException,System.Web.HttpException,0,,,System.Object,System.Exception,System.SystemException,System.Runtime.InteropServices.ExternalException,System.Web.HttpException
287,e652819d-ae18-36ab-9d07-1035daa0c256,HttpUnhandledException,System.Web.HttpUnhandledException,0,,,System.Object,System.Exception,System.SystemException,System.Runtime.InteropServices.ExternalException,System.Web.HttpException,System.Web.HttpUnhandledException
288,dc7bee16-bce0-36f0-b501-b81519a4bf85,HttpCompileException,System.Web.HttpCompileException,0,,,System.Object,System.Exception,System.SystemException,System.Runtime.InteropServices.ExternalException,System.Web.HttpException,System.Web.HttpCompileException
289,ce78bc93-2d38-3812-b9fe-86b31d6f7764,HttpParseException,System.Web.HttpParseException,0,,,System.Object,System.Exception,System.SystemException,System.Runtime.InteropServices.ExternalException,System.Web.HttpException,System.Web.HttpParseException
290,1f1859b9-6927-3676-8be2-b479ebae302c,HttpRequestValidationException,System.Web.HttpRequestValidationException,0,,,System.Object,System.Exception,System.SystemException,System.Runtime.InteropServices.ExternalException,System.Web.HttpException,System.Web.HttpRequestValidationException
291,24244466-c8cf-3c65-b386-16d372c3d6d4,SqlExecutionException,System.Web.Management.SqlExecutionException,0,,,System.Object,System.Exception,System.SystemException,System.Web.Management.SqlExecutionException
292,675f2ed7-4496-3034-9e79-0f771e766fdb,DatabaseNotEnabledForNotificationException,System.Web.Caching.DatabaseNotEnabledForNotificationException,0,,,System.Object,System.Exception,System.SystemException,System.Web.Caching.DatabaseNotEnabledForNotificationException
293,e704b4d7-71d9-3bb1-a70b-235552db617a,TableNotEnabledForNotificationException,System.Web.Caching.TableNotEnabledForNotificationException,0,,,System.Object,System.Exception,System.SystemException,System.Web.Caching.TableNotEnabledForNotificationException
294,f6d4ac82-366c-3bc5-ae59-ed6a0c95cadb,SoapException,System.Web.Services.Protocols.SoapException,0,,,System.Object,System.Exception,System.SystemException,System.Web.Services.Protocols.SoapException
295,a0a70fb0-ca04-36f0-bca2-c998a22e2e45,SoapHeaderException,System.Web.Services.Protocols.SoapHeaderException,0,,,System.Object,System.Exception,System.SystemException,System.Web.Services.Protocols.SoapException,System.Web.Services.Protocols.SoapHeaderException
296,21b5ece7-b132-3a91-bd19-24d88e95f462,WorkflowAuthorizationException,System.Workflow.Activities.WorkflowAuthorizationException,0,,,System.Object,System.Exception,System.SystemException,System.Workflow.Activities.WorkflowAuthorizationException
297,05a207c0-7707-3262-99dc-cf2b6da07bac,EventDeliveryFailedException,System.Workflow.Activities.EventDeliveryFailedException,0,,,System.Object,System.Exception,System.SystemException,System.Workflow.Activities.EventDeliveryFailedException
298,7a09b8df-46f3-39eb-ab49-c2027cfa87d2,RuleSyntaxException,System.Workflow.Activities.Rules.RuleSyntaxException,0,,,System.Object,System.Exception,System.SystemException,System.Workflow.Activities.Rules.RuleSyntaxException
299,e418ac57-3378-3a7c-a790-13e8937ad49d,QueueException,System.Workflow.Runtime.QueueException,0,,,System.Object,System.Exception,System.SystemException,System.InvalidOperationException,System.Workflow.Runtime.QueueException
300,4a465938-31e9-394c-ad4e-9bb1a6be491c,TrackingProfileDeserializationException,System.Workflow.Runtime.Tracking.TrackingProfileDeserializationException,0,,,System.Object,System.Exception,System.SystemException,System.Workflow.Runtime.Tracking.TrackingProfileDeserializationException
301,0f011976-930f-36fd-8936-631473bd42a3,PersistenceException,System.Workflow.Runtime.Hosting.PersistenceException,0,,,System.Object,System.Exception,System.SystemException,System.Workflow.Runtime.Hosting.PersistenceException
302,87cec820-1ec1-3c78-a0e5-62343723792d,InstanceLockException,System.ServiceModel.Persistence.InstanceLockException,0,,,System.Object,System.Exception,System.SystemException,System.ServiceModel.CommunicationException,System.ServiceModel.Persistence.PersistenceException,System.ServiceModel.Persistence.InstanceLockException
303,e0a1e3ae-b486-33c0-911c-688d6bc518b1,InstanceNotFoundException,System.ServiceModel.Persistence.InstanceNotFoundException,0,,,System.Object,System.Exception,System.SystemException,System.ServiceModel.CommunicationException,System.ServiceModel.Persistence.PersistenceException,System.ServiceModel.Persistence.InstanceNotFoundException
304,d2ef576f-081c-31c2-afd9-d27281f83882,PersistenceException,System.ServiceModel.Persistence.PersistenceException,0,,,System.Object,System.Exception,System.SystemException,System.ServiceModel.CommunicationException,System.ServiceModel.Persistence.PersistenceException
305,54461c84-05f7-3267-a382-9be8a61974a2,ElementNotEnabledException,System.Windows.Automa